{
  "version": "1.0.0",
  "features": [
    "meanRR",
    "sdnn",
    "rmssd",
    "pnn50",
    "pnn20",
    "hrMean",
    "hrStd",
    "hrRange",
    "cvRR",
    "vlfPower",
    "lfPower",
    "hfPower",
    "lfHfRatio",
    "totalPower",
    "lfNorm",
    "hfNorm",
    "sd1",
    "sd2",
    "sd1sd2Ratio",
    "sampleEntropy",
    "dfaAlpha1",
    "tempMean",
    "tempSlope",
    "tempStd",
    "tempRange",
    "accelMagnitudeMean",
    "accelMagnitudeStd",
    "stepCount",
    "activityType"
  ],
  "normalization": {
    "mean": {
      "meanRR": 777.8508430808051,
      "sdnn": 109.76654174084705,
      "rmssd": 143.22861908969813,
      "pnn50": 58.44742294192884,
      "pnn20": 78.47381297172733,
      "hrMean": 81.01719706796413,
      "hrStd": 11.875665078154958,
      "hrRange": 49.507239048113114,
      "cvRR": 0.1409837926496774,
      "vlfPower": 495.076537573326,
      "lfPower": 2192.575220974411,
      "hfPower": 4133.9993368348405,
      "lfHfRatio": 0.6293744724061978,
      "totalPower": 6821.651095382578,
      "lfNorm": 35.27068857575791,
      "hfNorm": 64.72931142424208,
      "sd1": 101.47955337414815,
      "sd2": 116.67999229063743,
      "sd1sd2Ratio": 0.8731723840463993,
      "sampleEntropy": 1.8688423710523268,
      "dfaAlpha1": 0.7362733923525152,
      "tempMean": 32.69936957465277,
      "tempSlope": -0.004080695932772636,
      "tempStd": 0.10690277129103039,
      "tempRange": 0.39838541666666677,
      "accelMagnitudeMean": 63.69619291658623,
      "accelMagnitudeStd": 3.2644382844571322,
      "stepCount": 444.6770833333333,
      "activityType": 2.0
    },
    "std": {
      "meanRR": 121.54450720825692,
      "sdnn": 23.81042815598779,
      "rmssd": 35.73820840546305,
      "pnn50": 16.205512842223428,
      "pnn20": 12.028174083809626,
      "hrMean": 14.67519634697791,
      "hrStd": 2.5932922440800694,
      "hrRange": 7.9672955766124725,
      "cvRR": 0.021682453803573053,
      "vlfPower": 373.19888598786247,
      "lfPower": 1363.00696298891,
      "hfPower": 2209.020083001004,
      "lfHfRatio": 0.5190866251847442,
      "totalPower": 3359.2320473382924,
      "lfNorm": 11.873285678288553,
      "hfNorm": 11.873285678288553,
      "sd1": 25.338228552023214,
      "sd2": 25.805301565042818,
      "sd1sd2Ratio": 0.15128769540023349,
      "sampleEntropy": 0.4423455372916599,
      "dfaAlpha1": 0.1492244598001963,
      "tempMean": 1.5167804970558982,
      "tempSlope": 0.08407965030550851,
      "tempStd": 0.09341450533121537,
      "tempRange": 0.3135598650241978,
      "accelMagnitudeMean": 0.8353835925115459,
      "accelMagnitudeStd": 2.2170758378673883,
      "stepCount": 134.25484898068444,
      "activityType": 1.0
    }
  },
  "metrics": {
    "cv_accuracy": 0.9010416666666666,
    "cv_f1_weighted": 0.9020547463390688,
    "cv_f1_binary": 0.8041237113402062,
    "cv_precision": 0.78,
    "cv_recall": 0.8297872340425532,
    "cv_auc_roc": 0.944534115920763
  },
  "importances": {
    "meanRR": 0.04706773906946182,
    "sdnn": 0.003210755530744791,
    "rmssd": 0.011262314394116402,
    "pnn50": 0.046014849096536636,
    "pnn20": 0.015156865119934082,
    "hrMean": 0.13449928164482117,
    "hrStd": 0.20214344561100006,
    "hrRange": 0.02064235508441925,
    "cvRR": 0.008432816714048386,
    "vlfPower": 0.02844470925629139,
    "lfPower": 0.03369061276316643,
    "hfPower": 0.005038042087107897,
    "lfHfRatio": 0.008028850890696049,
    "totalPower": 0.035471443086862564,
    "lfNorm": 0.006462145131081343,
    "hfNorm": 0.035605721175670624,
    "sd1": 0.0,
    "sd2": 0.08402172476053238,
    "sd1sd2Ratio": 0.012387292459607124,
    "sampleEntropy": 0.10375123471021652,
    "dfaAlpha1": 0.00832776166498661,
    "tempMean": 0.020811032503843307,
    "tempSlope": 0.0218593068420887,
    "tempStd": 0.010485469363629818,
    "tempRange": 0.017025260254740715,
    "accelMagnitudeMean": 0.01251726783812046,
    "accelMagnitudeStd": 0.05021580681204796,
    "stepCount": 0.01742597296833992,
    "activityType": 0.0
  },
  "stressLevels": {
    "low": {
      "min": 0,
      "max": 25,
      "label": "Low",
      "color": "#35e27e"
    },
    "moderate": {
      "min": 25,
      "max": 50,
      "label": "Moderate",
      "color": "#9B8EC4"
    },
    "elevated": {
      "min": 50,
      "max": 75,
      "label": "Elevated",
      "color": "#E8A87C"
    },
    "high": {
      "min": 75,
      "max": 100,
      "label": "High",
      "color": "#C4897B"
    }
  }
}