{
  "version": "1.2.0",
  "features": [
    "meanRR",
    "sdnn",
    "rmssd",
    "pnn50",
    "pnn20",
    "hrMean",
    "hrStd",
    "hrRange",
    "cvRR",
    "sd1",
    "sd2",
    "sd1sd2Ratio",
    "sampleEntropy",
    "dfaAlpha1"
  ],
  "normalization": {
    "mean": {
      "meanRR": 729.8945859233701,
      "sdnn": 98.02353031155259,
      "rmssd": 137.42957501728654,
      "pnn50": 61.00214865176915,
      "pnn20": 80.15774551099305,
      "hrMean": 85.6533459180902,
      "hrStd": 11.985736079455897,
      "hrRange": 48.66673571213953,
      "cvRR": 0.13462943516173656,
      "sd1": 98.10543517374468,
      "sd2": 96.73342390512077,
      "sd1sd2Ratio": 1.0267525183828228,
      "sampleEntropy": 1.6190466144706888,
      "dfaAlpha1": 0.6845239181763599
    },
    "std": {
      "meanRR": 107.54078252751054,
      "sdnn": 25.861202001901155,
      "rmssd": 39.73828553863691,
      "pnn50": 19.347122919727838,
      "pnn20": 14.095448252728008,
      "hrMean": 12.75193230099131,
      "hrStd": 3.549029635230259,
      "hrRange": 9.28686639491532,
      "cvRR": 0.03190441476197894,
      "sd1": 28.467474370089693,
      "sd2": 26.91186550344981,
      "sd1sd2Ratio": 0.21134039333624474,
      "sampleEntropy": 0.8854181920293971,
      "dfaAlpha1": 0.20331208866667075
    }
  },
  "decisionThreshold": 0.5146180531543216,
  "metrics": {
    "cv_accuracy": 0.644797325532804,
    "cv_f1_weighted": 0.6525330556942882,
    "cv_f1_binary": 0.5011737089201878,
    "cv_precision": 0.4566844919786096,
    "cv_recall": 0.5552665799739922,
    "cv_auc_roc": 0.6571774488011428
  },
  "importances": {
    "meanRR": 0.1124022975564003,
    "sdnn": 0.061189476400613785,
    "rmssd": 0.06355524063110352,
    "pnn50": 0.06487178057432175,
    "pnn20": 0.06430592387914658,
    "hrMean": 0.10674844682216644,
    "hrStd": 0.07138893753290176,
    "hrRange": 0.060959767550230026,
    "cvRR": 0.07339894771575928,
    "sd1": 0.07011787593364716,
    "sd2": 0.064189612865448,
    "sd1sd2Ratio": 0.05762282758951187,
    "sampleEntropy": 0.06512384861707687,
    "dfaAlpha1": 0.06412505358457565
  },
  "stressLevels": {
    "low": {
      "min": 0,
      "max": 25,
      "label": "Low",
      "color": "#35e27e"
    },
    "moderate": {
      "min": 25,
      "max": 50,
      "label": "Moderate",
      "color": "#9B8EC4"
    },
    "elevated": {
      "min": 50,
      "max": 75,
      "label": "Elevated",
      "color": "#E8A87C"
    },
    "high": {
      "min": 75,
      "max": 100,
      "label": "High",
      "color": "#C4897B"
    }
  }
}