{
  "features": [
    "meanRR",
    "sdnn",
    "rmssd",
    "pnn50",
    "pnn20",
    "hrMean",
    "cvRR",
    "sd1",
    "sd2",
    "sd1sd2Ratio",
    "sampleEntropy",
    "dfaAlpha1"
  ],
  "norm_mean": [
    891.933012881215,
    54.399606279269804,
    51.98648154723048,
    25.419997970213423,
    56.39526854787943,
    69.30763135716992,
    0.0600348695621063,
    36.91633896961048,
    65.98955155990083,
    0.5320564998866714,
    1.6072978225160433,
    0.9635271104893156
  ],
  "norm_std": [
    137.5841281074632,
    27.7979973897839,
    38.695736198108,
    22.668878170931272,
    24.584842062615056,
    12.023413504230861,
    0.02695876789888,
    27.517276797362744,
    30.185233343715126,
    0.21483807999343574,
    0.2822175055725938,
    0.24986324547056185
  ],
  "representation": "subject-aggregate (median of 120s HRV windows)",
  "train_data": "Autonomic Aging (PhysioNet)",
  "n_subjects": 1095,
  "loso_mae": 7.584378529030438,
  "loso_r": 0.6757581659673182,
  "params": {
    "objective": "reg:squarederror",
    "subsample": 0.8,
    "colsample_bytree": 0.8,
    "reg_lambda": 2.0,
    "reg_alpha": 0.5,
    "random_state": 42,
    "n_jobs": -1,
    "n_estimators": 400,
    "learning_rate": 0.03,
    "max_depth": 3
  },
  "note": "age = group midpoint; global normalization; output age-gap = predicted - chronological"
}