{
  "version": "1.0.0",
  "features": [
    "meanRR",
    "sdnn",
    "rmssd",
    "pnn50",
    "pnn20",
    "hrMean",
    "hrStd",
    "hrRange",
    "cvRR",
    "vlfPower",
    "lfPower",
    "hfPower",
    "lfHfRatio",
    "totalPower",
    "lfNorm",
    "hfNorm",
    "sd1",
    "sd2",
    "sd1sd2Ratio",
    "sampleEntropy",
    "dfaAlpha1",
    "tempMean",
    "tempSlope",
    "tempStd",
    "tempRange",
    "accelMagnitudeMean",
    "accelMagnitudeStd",
    "stepCount",
    "activityType"
  ],
  "normalization": {
    "mean": {
      "meanRR": 779.1742293306734,
      "sdnn": 105.55567916073146,
      "rmssd": 140.93920457794363,
      "pnn50": 58.22307482709004,
      "pnn20": 78.47214401288096,
      "hrMean": 81.13703196466702,
      "hrStd": 11.412555272631684,
      "hrRange": 45.88073957123992,
      "cvRR": 0.1356485646038173,
      "vlfPower": 105.78673734179434,
      "lfPower": 1959.1799084269965,
      "hfPower": 3755.894773898071,
      "lfHfRatio": 0.8491703165189258,
      "totalPower": 5820.8614196668605,
      "lfNorm": 35.372296994695496,
      "hfNorm": 63.90218909962131,
      "sd1": 100.64817881813151,
      "sd2": 108.41254408222626,
      "sd1sd2Ratio": 0.9391583652422838,
      "sampleEntropy": 1.4525315588631282,
      "dfaAlpha1": 0.780415819356565,
      "tempMean": 32.712674627166464,
      "tempSlope": -0.004186207300343276,
      "tempStd": 0.03246714422894415,
      "tempRange": 0.12394195888754538,
      "accelMagnitudeMean": 63.67117156132906,
      "accelMagnitudeStd": 2.424300998554741,
      "stepCount": 93.66626360338573,
      "activityType": 2.0
    },
    "std": {
      "meanRR": 133.8069644510644,
      "sdnn": 27.227476962018084,
      "rmssd": 43.89782190984847,
      "pnn50": 18.970924596141575,
      "pnn20": 13.93906819498706,
      "hrMean": 15.690277957181735,
      "hrStd": 3.2328917619161808,
      "hrRange": 9.671543971613016,
      "cvRR": 0.02855464569561528,
      "vlfPower": 319.3761222029326,
      "lfPower": 2026.9133634707764,
      "hfPower": 3037.0666287794356,
      "lfHfRatio": 1.263882033538683,
      "totalPower": 4087.807366888185,
      "lfNorm": 20.377023832127858,
      "hfNorm": 20.878743585399757,
      "sd1": 31.42629910630469,
      "sd2": 28.754796864264488,
      "sd1sd2Ratio": 0.23339112123017758,
      "sampleEntropy": 0.8432520347100453,
      "dfaAlpha1": 0.245382828939329,
      "tempMean": 1.5441776210183988,
      "tempSlope": 0.13069805574517204,
      "tempStd": 0.027541622019145073,
      "tempRange": 0.08926509853372322,
      "accelMagnitudeMean": 0.9279793564836117,
      "accelMagnitudeStd": 2.7491243345617016,
      "stepCount": 37.97061628461269,
      "activityType": 1.0
    }
  },
  "metrics": {
    "cv_accuracy": 0.8948004836759371,
    "cv_f1_weighted": 0.8960787971354416,
    "cv_f1_binary": 0.7692307692307693,
    "cv_precision": 0.7435897435897436,
    "cv_recall": 0.7967032967032966,
    "cv_auc_roc": 0.9369792997699975
  },
  "importances": {
    "meanRR": 0.10251490771770477,
    "sdnn": 0.008077327162027359,
    "rmssd": 0.007187315728515387,
    "pnn50": 0.054146379232406616,
    "pnn20": 0.03209029883146286,
    "hrMean": 0.2212662398815155,
    "hrStd": 0.1244487315416336,
    "hrRange": 0.03601447865366936,
    "cvRR": 0.019579444080591202,
    "vlfPower": 0.03682679310441017,
    "lfPower": 0.007537094410508871,
    "hfPower": 0.013739914633333683,
    "lfHfRatio": 0.011803630739450455,
    "totalPower": 0.018526986241340637,
    "lfNorm": 0.014621826820075512,
    "hfNorm": 0.007905657403171062,
    "sd1": 0.011753179132938385,
    "sd2": 0.014865119010210037,
    "sd1sd2Ratio": 0.016010500490665436,
    "sampleEntropy": 0.01661982759833336,
    "dfaAlpha1": 0.008521461859345436,
    "tempMean": 0.039131347090005875,
    "tempSlope": 0.04686568304896355,
    "tempStd": 0.023264652118086815,
    "tempRange": 0.01003661472350359,
    "accelMagnitudeMean": 0.016898557543754578,
    "accelMagnitudeStd": 0.04200869798660278,
    "stepCount": 0.037737391889095306,
    "activityType": 0.0
  },
  "stressLevels": {
    "low": {
      "min": 0,
      "max": 25,
      "label": "Low",
      "color": "#35e27e"
    },
    "moderate": {
      "min": 25,
      "max": 50,
      "label": "Moderate",
      "color": "#9B8EC4"
    },
    "elevated": {
      "min": 50,
      "max": 75,
      "label": "Elevated",
      "color": "#E8A87C"
    },
    "high": {
      "min": 75,
      "max": 100,
      "label": "High",
      "color": "#C4897B"
    }
  }
}